Identifiant station,Nom station,Station en fonctionnement,Capacité de la station,Nombre bornettes libres,Nombre total vélos disponibles,Vélos mécaniques disponibles,Vélos électriques disponibles,Borne de paiement disponible,Retour vélib possible,Actualisation de la donnée,Coordonnées géographiques,Nom communes équipées,Code INSEE communes équipées
16107,Benjamin Godard - Victor Hugo,OUI,35,33,2,0,2,OUI,OUI,2024-01-26T18:41:05+01:00,"48.865983, 2.275725",Paris,
9020,Toudouze - Clauzel,OUI,21,14,6,1,5,OUI,OUI,2024-01-26T18:44:46+01:00,"48.87929591733507, 2.3373600840568547",Paris,
31104,Mairie de Rosny-sous-Bois,OUI,30,11,17,8,9,OUI,OUI,2024-01-26T18:43:04+01:00,"48.871256519012, 2.4865807592869",Rosny-sous-Bois,
14111,Cassini - Denfert-Rochereau,OUI,25,15,7,3,4,OUI,OUI,2024-01-26T18:44:48+01:00,"48.837525839067, 2.3360354080796",Paris,
44015,Rouget de L'isle - Watteau,OUI,20,17,3,2,1,OUI,OUI,2024-01-26T18:40:18+01:00,"48.778192750803, 2.3963020229163",Vitry-sur-Seine,
14014,Jourdan - Stade Charléty,OUI,60,44,9,3,6,OUI,OUI,2024-01-26T18:44:57+01:00,"48.819428333369, 2.3433353751898",Paris,
12109,Mairie du 12ème,OUI,30,9,16,10,6,OUI,OUI,2024-01-26T18:44:10+01:00,"48.840855311763, 2.3875549435616",Paris,
11104,Charonne - Robert et Sonia Delaunay,OUI,20,18,2,1,1,OUI,OUI,2024-01-26T18:41:39+01:00,"48.855907555969, 2.3925706744194",Paris,
32017,Basilique,OUI,22,2,17,13,4,OUI,OUI,2024-01-26T18:43:41+01:00,"48.93626891059109, 2.3588666820200914",Saint-Denis,
7002,Vaneau - Sèvres,OUI,35,15,14,9,5,OUI,OUI,2024-01-26T18:44:50+01:00,"48.848563233059, 2.3204218259346",Paris,
8026,Messine - Place Du Pérou,OUI,12,5,3,2,1,OUI,OUI,2024-01-26T18:43:25+01:00,"48.875448033960744, 2.315508019010038",Paris,
6108,Saint-Romain - Cherche-Midi,OUI,17,5,11,6,5,OUI,OUI,2024-01-26T18:44:19+01:00,"48.84708159081946, 2.321374788880348",Paris,
13007,Le Brun - Gobelins,OUI,48,40,8,1,7,OUI,OUI,2024-01-26T18:44:37+01:00,"48.835092787824, 2.3534681351338",Paris,
33006,André Karman - République,OUI,31,19,7,0,7,OUI,OUI,2024-01-26T18:43:16+01:00,"48.91039875761846, 2.3851355910301213",Aubervilliers,
6003,Saint-Sulpice,OUI,21,6,15,9,6,OUI,OUI,2024-01-26T18:44:47+01:00,"48.85165383178419, 2.3308077827095985",Paris,
21010,Silly - Galliéni,OUI,25,15,8,2,6,OUI,OUI,2024-01-26T18:40:53+01:00,"48.835583838706, 2.2325500845909",Boulogne-Billancourt,
5110,Lacépède - Monge,OUI,23,19,4,2,2,OUI,OUI,2024-01-26T18:43:25+01:00,"48.84389286531899, 2.3519663885235786",Paris,
17038,Grande Armée - Brunel,OUI,62,58,3,0,3,OUI,OUI,2024-01-26T18:41:53+01:00,"48.876116, 2.288124",Paris,
42016,Pierre et Marie Curie - Maurice Thorez,OUI,27,19,6,2,4,OUI,OUI,2024-01-26T18:44:17+01:00,"48.81580226360801, 2.376804985105991",Ivry-sur-Seine,
15202,Bracion - Périphérique,OUI,30,24,6,1,5,OUI,OUI,2024-01-26T18:39:01+01:00,"48.826103771275, 2.3004549373748",Paris,
41301,Bois de Vincennes - Gare,OUI,50,36,13,4,9,OUI,OUI,2024-01-26T18:44:34+01:00,"48.836022242886884, 2.4708339950830287",Nogent-sur-Marne,
7003,Square Boucicaut,OUI,60,48,8,1,7,OUI,OUI,2024-01-26T18:44:57+01:00,"48.851296433665276, 2.325061820447445",Paris,
6021,Beaux-Arts - Bonaparte,OUI,20,15,2,0,2,OUI,OUI,2024-01-26T18:40:27+01:00,"48.856451985395786, 2.334851883351803",Paris,
5016,Thouin - Cardinal Lemoine,OUI,17,13,4,4,0,OUI,OUI,2024-01-26T18:41:27+01:00,"48.84504716661511, 2.3494647851273465",Paris,
25006,Place Nelson Mandela,OUI,22,21,0,0,0,OUI,OUI,2024-01-26T18:44:06+01:00,"48.862453313908, 2.1961666225454",Rueil-Malmaison,
11025,Froment - Bréguet,OUI,43,4,35,27,8,OUI,OUI,2024-01-26T18:42:47+01:00,"48.8570414504784, 2.37289470306807",Paris,
30002,Jean Rostand - Paul Vaillant Couturier,OUI,40,33,5,1,4,OUI,OUI,2024-01-26T18:42:25+01:00,"48.908168131015, 2.4530601033354",Bobigny,
15047,Morillons - Dantzig,OUI,52,48,3,0,3,OUI,OUI,2024-01-26T18:42:45+01:00,"48.83310149953933, 2.299380004405976",Paris,
17041,Guersant - Gouvion-Saint-Cyr,OUI,36,24,7,2,5,OUI,OUI,2024-01-26T18:44:54+01:00,"48.88287775178599, 2.287667370814871",Paris,
8050,Boétie - Ponthieu,OUI,33,27,3,1,2,OUI,OUI,2024-01-26T18:44:49+01:00,"48.871417284355, 2.3076787590981",Paris,
17026,Jouffroy d'Abbans - Wagram,OUI,40,29,9,6,3,OUI,OUI,2024-01-26T18:44:54+01:00,"48.881973298352, 2.301132157445",Paris,
31024,Romainville - Vaillant-Couturier,OUI,38,36,0,0,0,OUI,OUI,2024-01-26T18:43:51+01:00,"48.86785, 2.446748",Montreuil,
13101,Croulebarde - Corvisart,OUI,34,19,11,4,7,OUI,OUI,2024-01-26T18:42:35+01:00,"48.830981659316855, 2.3481646925210953",Paris,
2022,Saint-Fiacre - Poissonière,OUI,35,24,8,4,4,OUI,OUI,2024-01-26T18:44:55+01:00,"48.870828911558, 2.3459213599563",Paris,
14108,Le Brix et Mesmin - Jourdan,OUI,21,19,2,2,0,OUI,OUI,2024-01-26T18:40:57+01:00,"48.82234096593411, 2.327861653302471",Paris,
19033,Cambrai - Benjamin Constant,OUI,43,31,9,7,2,OUI,OUI,2024-01-26T18:44:18+01:00,"48.89594736851349, 2.381133802246315",Paris,
15026,Bir Hakeim,OUI,33,28,3,1,2,OUI,OUI,2024-01-26T18:41:17+01:00,"48.853844054333514, 2.289705348222022",Paris,
21326,Moulin de Pierre - Abbé Grégoire,OUI,20,15,3,0,3,OUI,OUI,2024-01-26T18:43:14+01:00,"48.822036188382, 2.2754641655975",Issy-les-Moulineaux,
17044,Porte de Saint-Ouen - Bessières,OUI,42,21,3,2,1,OUI,OUI,2024-01-26T18:43:52+01:00,"48.89792240854517, 2.32851451022192",Paris,
20143,Ramponeau - Belleville,OUI,44,33,9,7,2,OUI,OUI,2024-01-26T18:44:19+01:00,"48.871031137596, 2.379056852114",Paris,
17025,Chazelles - Courcelles,OUI,35,26,5,2,3,OUI,OUI,2024-01-26T18:40:54+01:00,"48.879406604954, 2.3034455627202988",Paris,
43002,Lagny - Victor Basch,OUI,26,23,3,1,2,OUI,OUI,2024-01-26T18:44:56+01:00,"48.84884147189881, 2.426325418925233",Vincennes,
15068,Général Martial Valin - Pont du Garigliano,OUI,16,4,12,7,5,OUI,OUI,2024-01-26T18:44:12+01:00,"48.83823094269141, 2.270506024360657",Paris,
16138,Saint-Cloud - Hippodrome,OUI,30,28,1,0,1,OUI,OUI,2024-01-26T18:40:50+01:00,"48.85772148887421, 2.2549109905958176",Paris,
22207,Rond-point du Dr Albert Schweitzer,OUI,22,18,4,1,3,OUI,OUI,2024-01-26T18:43:10+01:00,"48.78980918988166, 2.3143940046429634",Bagneux,
21216,Louis Lejeune - Barbès,OUI,25,24,1,0,1,OUI,OUI,2024-01-26T18:44:10+01:00,"48.81807418981508, 2.3267009854316716",Montrouge,
7004,Raspail - Varenne,OUI,18,12,5,1,4,OUI,OUI,2024-01-26T18:40:59+01:00,"48.853147816545, 2.3263905197382",Paris,
92002,Théâtre des Amandiers - Palais des sports,OUI,23,11,10,9,1,OUI,OUI,2024-01-26T18:44:50+01:00,"48.892648526839, 2.2136941552162",Nanterre,
13030,Italie - Tolbiac,OUI,21,11,9,5,4,OUI,OUI,2024-01-26T18:43:04+01:00,"48.82557229464416, 2.3576171323657036",Paris,
31028,Raspail Barbès,OUI,28,19,8,3,5,OUI,OUI,2024-01-26T18:43:11+01:00,"48.8529945, 2.4247387",Montreuil,
19027,Serrurier,OUI,18,17,1,1,0,OUI,OUI,2024-01-26T18:43:40+01:00,"48.8804934032465, 2.39806417375803",Paris,
17048,De Toqueville - Terrasse,OUI,30,28,2,2,0,OUI,OUI,2024-01-26T18:44:48+01:00,"48.882428, 2.314002",Paris,
44017,Jules Guesde - Pont du Port à l'Anglais,OUI,30,3,25,18,7,OUI,OUI,2024-01-26T18:44:25+01:00,"48.79628807093802, 2.417212128639221",Vitry-sur-Seine,
2017,Caire - Dussoubs,OUI,40,19,20,15,5,OUI,OUI,2024-01-26T18:44:57+01:00,"48.86785342111862, 2.349364310503006",Paris,
10013,Alibert - Jemmapes,OUI,60,29,29,19,10,OUI,OUI,2024-01-26T18:41:20+01:00,"48.871044051984, 2.3661044619878",Paris,
15112,Vigée-Lebrun - Anselme Payen,OUI,24,23,1,0,1,OUI,OUI,2024-01-26T18:37:11+01:00,"48.838683941628375, 2.3110422492027287",Paris,
16118,Michel-Ange - Parent de Rosan,OUI,26,19,4,2,2,OUI,OUI,2024-01-26T18:44:55+01:00,"48.840579923690115, 2.2584119439125065",Paris,
16110,Octave Feuillet - Albéric Magnard,OUI,21,21,0,0,0,OUI,OUI,2024-01-26T18:43:52+01:00,"48.86106902949534, 2.2730283066630363",Paris,
9008,Tour d'Auvergne - Rodier,OUI,17,13,3,2,1,OUI,OUI,2024-01-26T18:43:22+01:00,"48.879161, 2.343698",Paris,
8016,Square Louis XVI,OUI,29,13,11,8,3,OUI,OUI,2024-01-26T18:41:09+01:00,"48.87320440102894, 2.323658830743138",Paris,
8103,Artois - Berri,OUI,23,20,2,1,1,OUI,OUI,2024-01-26T18:41:38+01:00,"48.87393521240818, 2.3064258322119713",Paris,
10115,Granges aux Belles,OUI,27,14,11,4,7,OUI,OUI,2024-01-26T18:44:23+01:00,"48.8761373390584, 2.3680844979417",Paris,
8048,Marceau - Chaillot,OUI,21,20,1,0,1,OUI,OUI,2024-01-26T18:40:37+01:00,"48.868834023334, 2.2986030816809",Paris,
10029,Dunkerque - Rocroy,OUI,24,17,5,0,5,OUI,OUI,2024-01-26T18:44:40+01:00,"48.880726, 2.351464",Paris,
14013,Liard - Amiral Mouchez,OUI,14,13,1,0,1,OUI,OUI,2024-01-26T18:41:57+01:00,"48.8214169, 2.342167",Paris,
5005,Gay Lussac - Saint-Jacques,OUI,24,18,5,1,4,OUI,OUI,2024-01-26T18:44:33+01:00,"48.844730256132095, 2.341923944866407",Paris,
13118,Regnault - Patay,OUI,63,5,55,52,3,OUI,OUI,2024-01-26T18:44:53+01:00,"48.82435782216384, 2.377065159380436",Paris,
10161,Gare de l'Est - Faubourg-Saint-Martin,OUI,32,6,21,16,5,OUI,OUI,2024-01-26T18:44:23+01:00,"48.875642647477, 2.3594588041306",Paris,
18111,Félix Ziem - Armand Gauthier,OUI,25,20,4,1,3,OUI,OUI,2024-01-26T18:44:57+01:00,"48.88949630486821, 2.333393658804396",Paris,
12031,Gabriel Lamé,OUI,36,3,29,19,10,OUI,OUI,2024-01-26T18:44:43+01:00,"48.8351212784276, 2.385534569621086",Paris,
9002,Abbeville - Faubourg Poissonnière,OUI,14,6,7,3,4,OUI,OUI,2024-01-26T18:44:16+01:00,"48.879223, 2.349147",Paris,
7011,Las Cases - Bourgogne,OUI,22,21,0,0,0,OUI,OUI,2024-01-26T18:43:11+01:00,"48.859091104741, 2.3185685276985",Paris,
48003,Youri Gagarine - Karl Marx,OUI,22,22,0,0,0,OUI,OUI,2024-01-26T18:35:31+01:00,"48.78448485079149, 2.35908430069685",Villejuif,
21328,Verger - Colonel Guichard,OUI,29,28,1,0,1,OUI,OUI,2024-01-26T18:43:03+01:00,"48.816376985087, 2.2670380088932",Issy-les-Moulineaux,
14002,Edgar Quinet - Raspail,OUI,46,38,7,3,4,OUI,OUI,2024-01-26T18:44:03+01:00,"48.83940266673835, 2.32971478253603",Paris,
21323,Charlot - Stade Gabriel Voisin,OUI,31,0,28,25,3,OUI,OUI,2024-01-26T18:44:20+01:00,"48.827228120536, 2.268122527474",Issy-les-Moulineaux,
9014,Faubourg Montmartre - La Fayette,OUI,35,7,10,8,2,OUI,OUI,2024-01-26T18:42:49+01:00,"48.87525454905335, 2.340853661298752",Paris,
13104,Gare d'Austerlitz - Quai Saint-Bernard,OUI,27,27,0,0,0,NON,NON,2022-01-18T22:07:57+01:00,"48.84369030864, 2.3657163977623",Paris,
43009,Place Jean-Spire-Lemaître,OUI,50,36,11,3,8,OUI,OUI,2024-01-26T18:44:34+01:00,"48.8468428626593, 2.452062070369721",Vincennes,
17040,Pereire - Ternes,OUI,48,40,7,2,5,OUI,OUI,2024-01-26T18:43:49+01:00,"48.87973954830735, 2.288012132048607",Paris,
8053,Place Georges Guillaumin,OUI,29,21,1,0,1,OUI,OUI,2024-01-26T18:44:43+01:00,"48.874750203956566, 2.301771435325988",Paris,
8009,Gare Saint-Lazare - Isly,OUI,27,1,23,18,5,OUI,OUI,2024-01-26T18:44:53+01:00,"48.874777677621296, 2.326515804784655",Paris,
9001,Bellefond - Poissonnière,OUI,17,4,11,3,8,OUI,OUI,2024-01-26T18:44:18+01:00,"48.87759897050706, 2.348463758826256",Paris,
31103,Gare Rosny-Bois-Perrier,OUI,36,8,23,6,17,OUI,OUI,2024-01-26T18:42:53+01:00,"48.88115023337061, 2.480436824262142",Rosny-sous-Bois,
17032,Jean Oestreicher - Porte de Champerret,OUI,21,15,4,2,2,OUI,OUI,2024-01-26T18:42:18+01:00,"48.88655580065981, 2.288640439510346",Paris,
17008,Porte Pouchet-Bessières,OUI,23,9,10,8,2,OUI,OUI,2024-01-26T18:44:52+01:00,"48.8978765, 2.3230632",Paris,
10162,Alexandre Parodi - Quai de Valmy,OUI,24,14,5,0,5,OUI,OUI,2024-01-26T18:44:26+01:00,"48.87935941942529, 2.366596162319184",Paris,
6001,Institut de France,OUI,17,4,11,6,5,OUI,OUI,2024-01-26T18:44:20+01:00,"48.857615678565, 2.3358313530377",Paris,
41303,Gare de Nogent-le-Perreux,OUI,32,9,20,11,9,OUI,OUI,2024-01-26T18:43:20+01:00,"48.83842553348809, 2.493693307042122",Nogent-sur-Marne,
31706,Château - République,OUI,26,19,5,3,2,OUI,OUI,2024-01-26T18:44:54+01:00,"48.862923800596, 2.4155035614967",Bagnolet,
7018,Ségur - d'Estrées,OUI,19,15,3,1,2,OUI,OUI,2024-01-26T18:44:38+01:00,"48.851419978983, 2.3097044974566",Paris,
5020,Institut du Monde Arabe - Saint-Germain,OUI,40,6,31,20,11,OUI,OUI,2024-01-26T18:44:57+01:00,"48.849063299501, 2.3558086529374",Paris,
5022,Boulangers - Cardinal Lemoine,OUI,20,15,3,1,2,OUI,OUI,2024-01-26T18:39:48+01:00,"48.8462904, 2.3521495",Paris,
19015,Thionville - Ourcq,OUI,24,7,14,7,7,OUI,OUI,2024-01-26T18:44:53+01:00,"48.88917613743794, 2.3833653330802917",Paris,
9106,Boudreau - Auber,OUI,14,4,10,2,8,OUI,OUI,2024-01-26T18:42:31+01:00,"48.87219, 2.329423",Paris,
9022,Rossini - Laffitte,OUI,33,27,4,3,1,OUI,OUI,2024-01-26T18:43:17+01:00,"48.87334627510507, 2.337980867701675",Paris,
8201,Arsène Houssaye - Friedland,OUI,29,29,0,0,0,OUI,OUI,2024-01-26T18:40:43+01:00,"48.874510616163, 2.2994716674148",Paris,
26003,Argenteuil - Voltaire,OUI,16,2,10,4,6,OUI,OUI,2024-01-26T18:37:19+01:00,"48.91864865955558, 2.2814112156629562",Asnières-sur-Seine,
9038,Douai - Bruxelles,OUI,27,21,6,2,4,OUI,OUI,2024-01-26T18:44:42+01:00,"48.88320784122797, 2.3308449949028507",Paris,
17004,Legendre - Clichy,OUI,40,35,1,1,0,OUI,OUI,2024-01-26T18:44:45+01:00,"48.88896161855884, 2.322528975094376",Paris,
1001,Quai de l'Horloge - Pont Neuf,OUI,17,8,7,4,3,OUI,OUI,2024-01-26T18:42:30+01:00,"48.857058739111, 2.3417982839439",Paris,
9028,Moncey - Blanche,OUI,17,8,6,2,4,OUI,OUI,2024-01-26T18:44:55+01:00,"48.88006587474148, 2.3310810327529907",Paris,
19105,Ambroise Rendu - Porte Brunet,OUI,17,14,3,0,3,OUI,OUI,2024-01-26T18:43:57+01:00,"48.883667, 2.395733",Paris,
10107,Gare du Nord - Hôpital Lariboisière,OUI,49,42,5,2,3,OUI,OUI,2024-01-26T18:43:57+01:00,"48.881949, 2.352339",Paris,
22409,Henri Barbusse - Stalingrad,OUI,16,13,1,0,1,OUI,OUI,2024-01-26T18:43:11+01:00,"48.814183748660554, 2.2872862592339516",Malakoff,
19026,Place de Rhin et Danube,OUI,17,14,3,1,2,OUI,OUI,2024-01-26T18:44:35+01:00,"48.88192765861766, 2.392586767673493",Paris,
19003,Quai de la Seine,OUI,24,14,8,3,5,OUI,OUI,2024-01-26T18:44:37+01:00,"48.884492238407525, 2.3703941702842717",Paris,
12111,Claude Decaen - Cannebière,OUI,27,9,16,7,9,OUI,OUI,2024-01-26T18:44:04+01:00,"48.83761417037952, 2.397253782195704",Paris,
8036,Lisbonne - Monceau,OUI,33,28,5,0,5,OUI,OUI,2024-01-26T18:36:25+01:00,"48.87745567681383, 2.309694221419506",Paris,
11047,Amelot - Saint-Sébastien,OUI,30,0,26,17,9,OUI,OUI,2024-01-26T18:43:54+01:00,"48.861142162761, 2.3677996181077",Paris,
12151,Gare de Lyon - Place Louis Armand,OUI,60,3,49,23,26,OUI,OUI,2024-01-26T18:44:52+01:00,"48.845515089794, 2.3726498446286",Paris,
19043,Delphine Seyrig - Général Leclerc,OUI,53,36,13,4,9,OUI,OUI,2024-01-26T18:40:34+01:00,"48.893923963057865, 2.39790290594101",Pantin,
18107,Chartres - La Charbonnière,OUI,34,33,1,0,1,OUI,OUI,2024-01-26T18:44:57+01:00,"48.8847601, 2.3534657",Paris,
20042,Pyrénées - Emmery,OUI,40,37,2,0,2,OUI,OUI,2024-01-26T18:41:23+01:00,"48.872010281270974, 2.392039597034455",Paris,
92007,Pesaro - Préfecture,OUI,22,19,3,1,2,OUI,OUI,2024-01-26T18:40:05+01:00,"48.89577046284005, 2.223908342421055",Nanterre,
17030,Pereire - Rennequin,OUI,23,11,8,5,3,OUI,OUI,2024-01-26T18:43:33+01:00,"48.88364782887555, 2.2952447086572647",Paris,
16026,Ranelagh - Mozart,OUI,23,17,3,1,2,OUI,OUI,2024-01-26T18:41:07+01:00,"48.8554439, 2.2704418",Paris,
12128,Pyramide - Ecole du Breuil,OUI,34,31,3,0,3,OUI,OUI,2024-01-26T18:37:42+01:00,"48.82237977153955, 2.4586871266365056",Paris,
26002,Redoute - Les Courtilles,OUI,40,8,25,21,4,OUI,OUI,2024-01-26T18:42:47+01:00,"48.929867194519, 2.2836696356535",Asnières-sur-Seine,
31022,Mairie de Montreuil,OUI,52,46,3,1,2,OUI,OUI,2024-01-26T18:44:44+01:00,"48.86131452758348, 2.440614402294159",Montreuil,
17043,Belidor - Gouvion-Saint-Cyr,OUI,39,28,10,8,2,OUI,OUI,2024-01-26T18:42:28+01:00,"48.88022154052015, 2.2854680567979813",Paris,
19101,Square Simon Bolivar,OUI,24,17,4,0,4,OUI,OUI,2024-01-26T18:44:25+01:00,"48.8750898883217, 2.3826304078102116",Paris,
16039,Exelmans - Versailles,OUI,49,29,17,10,7,OUI,OUI,2024-01-26T18:44:33+01:00,"48.84097491091973, 2.264390252530575",Paris,
14003,Schoelcher - Raspail,OUI,50,46,1,0,1,OUI,OUI,2024-01-26T18:44:53+01:00,"48.83681733526843, 2.3312794080411474",Paris,
11023,Saint-Maur - Roquette,OUI,46,22,23,13,10,OUI,OUI,2024-01-26T18:43:15+01:00,"48.858688774062955, 2.383553994571467",Paris,
11113,Richard Lenoir - Republique,OUI,58,28,27,17,10,OUI,OUI,2024-01-26T18:44:54+01:00,"48.8667175, 2.3692541",Paris,
45003,11 Novembre 1918 - 8 Mai 1945,OUI,36,31,5,2,3,OUI,OUI,2024-01-26T18:43:36+01:00,"48.80889533774377, 2.5382421165704727",Champigny-sur-Marne,
14020,Cimetière de Montrouge,OUI,58,48,9,5,4,OUI,OUI,2024-01-26T18:39:35+01:00,"48.821466904768, 2.3215785772007",Paris,
11002,Roquette - Thiéré,OUI,23,1,19,14,5,OUI,OUI,2024-01-26T18:44:09+01:00,"48.85507930579506, 2.3733686318721463",Paris,
33017,Anatole France - President Roosevelt,OUI,29,15,12,4,8,OUI,OUI,2024-01-26T18:44:22+01:00,"48.9155156, 2.3814103",Aubervilliers,
8034,Berri - Haussmann,OUI,35,29,3,1,2,OUI,OUI,2024-01-26T18:44:39+01:00,"48.874746047357135, 2.3082953318953514",Paris,
15042,Henry Farman,OUI,16,2,14,11,3,OUI,OUI,2024-01-26T18:42:11+01:00,"48.83372430280548, 2.2713854536414146",Paris,
5032,Panthéon - Valette,OUI,39,33,4,0,4,OUI,OUI,2024-01-26T18:44:38+01:00,"48.84702057165222, 2.3464982619671075",Paris,
20112,Jourdain - Place des Grandes Rigoles,OUI,22,19,2,1,1,OUI,OUI,2024-01-26T18:41:43+01:00,"48.87403113727167, 2.38959476351738",Paris,
15067,Desaix - Edgar Faure,OUI,12,4,8,6,2,OUI,OUI,2024-01-26T18:44:11+01:00,"48.852804604940296, 2.293077029857222",Paris,
18011,Pajol - Place Herbert,OUI,39,27,12,5,7,OUI,OUI,2024-01-26T18:44:00+01:00,"48.8927825, 2.3635598",Paris,
43401,Gare RER - Canadiens,OUI,45,39,6,2,4,OUI,OUI,2024-01-26T18:44:36+01:00,"48.81995307955795, 2.464176752459464",Joinville-le-Pont,
42706,Roger Salengro - Fontainebleau,OUI,25,20,3,0,3,OUI,OUI,2024-01-26T18:44:03+01:00,"48.814548697325, 2.3611663654447",Le Kremlin-Bicêtre,
6006,Notre-Dame-des-Champs - Stanislas,OUI,19,13,5,4,1,OUI,OUI,2024-01-26T18:43:14+01:00,"48.84479928858768, 2.329337755887181",Paris,
15104,Hôpital Européen Georges Pompidou,OUI,64,27,32,30,2,OUI,OUI,2024-01-26T18:43:57+01:00,"48.83769531916335, 2.275374233722687",Paris,
11027,Saint-Ambroise - Parmentier,OUI,38,23,11,3,8,OUI,OUI,2024-01-26T18:44:47+01:00,"48.862147844548, 2.3772348091006",Paris,
44006,Concorde - Stalingrad,OUI,35,20,15,1,14,OUI,OUI,2024-01-26T18:44:24+01:00,"48.7985844, 2.3821302",Vitry-sur-Seine,
8010,Liège - Moscou,OUI,17,12,4,1,3,OUI,OUI,2024-01-26T18:41:37+01:00,"48.8795431, 2.3264628",Paris,
19120,Carducci - Place Hannah Arendt,OUI,27,27,0,0,0,OUI,OUI,2024-01-26T18:44:14+01:00,"48.877436681515796, 2.3860743641853337",Paris,
46002,Rouget de Lisle,OUI,35,5,29,17,12,OUI,OUI,2024-01-26T18:43:41+01:00,"48.764615483395254, 2.4071189761161804",Choisy-le-Roi,
18003,Cimetière de Montmartre,OUI,42,36,4,3,1,OUI,OUI,2024-01-26T18:43:44+01:00,"48.886472466142, 2.3328901827335",Paris,
10016,Récollets - Square Villemin,OUI,17,11,6,3,3,OUI,OUI,2024-01-26T18:41:06+01:00,"48.875034655883944, 2.359801238597928",Paris,
18031,Place Albert Kahn,OUI,0,0,0,0,0,NON,NON,2023-07-03T10:59:24+02:00,"48.89579697978, 2.3455855841349",Paris,
31009,Place Du Général De Gaulle,OUI,26,26,0,0,0,OUI,OUI,2024-01-26T18:35:29+01:00,"48.8687591, 2.4329931",Montreuil,
19103,Manin - Carrières d'Amérique,OUI,20,16,2,2,0,OUI,OUI,2024-01-26T18:43:13+01:00,"48.88467214209463, 2.3919698596000676",Paris,
41302,Charles de Gaulle - Beauté,OUI,49,43,6,2,4,OUI,OUI,2024-01-26T18:38:39+01:00,"48.83649602312711, 2.479562651149885",Nogent-sur-Marne,
14138,Porte de Vanves,OUI,32,29,3,0,3,OUI,OUI,2024-01-26T18:42:21+01:00,"48.828012849445, 2.3056878894567",Paris,
5018,Mutualité,OUI,37,14,19,10,9,OUI,OUI,2024-01-26T18:44:44+01:00,"48.848225572724, 2.3502873256803",Paris,
46003,Conservatoire de Musique,OUI,25,14,11,7,4,OUI,OUI,2024-01-26T18:44:04+01:00,"48.77093586667601, 2.4034014344215398",Choisy-le-Roi,
43008,Fontenay - Libération,OUI,25,17,7,2,5,OUI,OUI,2024-01-26T18:44:09+01:00,"48.84780306364685, 2.445141971111298",Vincennes,
10024,Buisson Saint-Louis - Saint-Maur,OUI,19,14,3,1,2,OUI,OUI,2024-01-26T18:44:46+01:00,"48.87174684930295, 2.3722528328789854",Paris,
33102,Gabriel Péri - Francisco Ferrer,OUI,18,6,9,1,8,OUI,OUI,2024-01-26T18:44:33+01:00,"48.88633710236977, 2.407338917255402",Le Pré-Saint-Gervais,
13001,Port-Royal - Hôpital du Val-de-Grâce,OUI,18,11,7,3,4,OUI,OUI,2024-01-26T18:44:31+01:00,"48.837668272811, 2.3448138346607",Paris,
21212,Marne - Germain Dardan,OUI,22,19,1,0,1,OUI,OUI,2024-01-26T18:43:58+01:00,"48.81217465201, 2.3035024699104",Montrouge,
8045,Place de la Reine Astrid,OUI,54,31,16,9,7,OUI,OUI,2024-01-26T18:44:53+01:00,"48.864920982538, 2.3025491823859",Paris,
5004,Saint-Jacques - Val de Grâce,OUI,19,15,4,2,2,OUI,OUI,2024-01-26T18:44:24+01:00,"48.8417514, 2.3413893",Paris,
8017,Rocher - Laborde,OUI,65,50,13,11,2,OUI,OUI,2024-01-26T18:43:47+01:00,"48.87590240712654, 2.322616316378116",Paris,
12114,Victor Hugo - Jeanne Jugan,OUI,28,23,4,2,2,OUI,OUI,2024-01-26T18:41:37+01:00,"48.843949064031825, 2.415081394834419",Paris,
15054,Lecourbe - Jean Maridor,OUI,19,4,15,8,7,OUI,OUI,2024-01-26T18:44:56+01:00,"48.83796366147599, 2.2877392172813416",Paris,
41209,Cimetière de Fontenay-sous-Bois,OUI,15,14,1,0,1,OUI,OUI,2024-01-26T18:35:29+01:00,"48.84706173362218, 2.4787822365760808",Fontenay-sous-Bois,
15106,Grenelle - Violet,OUI,35,13,18,14,4,OUI,OUI,2024-01-26T18:44:31+01:00,"48.84993035512154, 2.294612042605877",Paris,
21312,Lucie Aubrac - Fort,OUI,30,30,0,0,0,OUI,OUI,2024-01-26T18:36:58+01:00,"48.818144834008976, 2.271184623241425",Issy-les-Moulineaux,
5124,Erasme - Ulm,OUI,24,21,2,0,2,OUI,OUI,2024-01-26T18:44:50+01:00,"48.84264375274712, 2.3445946723222733",Paris,
18028,Championnet - Vauvenargues,OUI,33,27,5,2,3,OUI,OUI,2024-01-26T18:41:12+01:00,"48.89401874744574, 2.3319872841238976",Paris,
14106,Marc Sangnier - Porte de Vanves,OUI,21,15,5,1,4,OUI,OUI,2024-01-26T18:39:42+01:00,"48.825218683556734, 2.3107116669416428",Paris,
42014,Place Marcel Cachin,OUI,32,11,20,20,0,OUI,OUI,2024-01-26T18:44:35+01:00,"48.81411442356866, 2.39090770483017",Ivry-sur-Seine,
18022,Marcadet - Barbès,OUI,37,28,7,2,5,OUI,OUI,2024-01-26T18:44:40+01:00,"48.890451120965, 2.3490573929687",Paris,
14008,Mouton Duvernet - Général Leclerc,OUI,39,37,1,0,1,OUI,OUI,2024-01-26T18:43:33+01:00,"48.831632518292565, 2.3293121159076686",Paris,
15109,Cevennes - Bergers,OUI,29,5,21,15,6,OUI,OUI,2024-01-26T18:44:54+01:00,"48.84240765130395, 2.281037718057633",Paris,
18046,Etienne Jodelle - Saint Ouen,OUI,33,28,4,1,3,OUI,OUI,2024-01-26T18:43:32+01:00,"48.88794016394694, 2.326124420314341",Paris,
21209,Molière - République,OUI,30,21,8,3,5,OUI,OUI,2024-01-26T18:40:30+01:00,"48.81111581390707, 2.3145738624448158",Montrouge,
22406,Guy Môquet - Etienne Dolet,OUI,23,11,10,3,7,OUI,OUI,2024-01-26T18:44:14+01:00,"48.81527009991819, 2.298078276995073",Malakoff,
21005,Hôtel de Ville de Boulogne Billancourt,OUI,26,17,6,5,1,OUI,OUI,2024-01-26T18:44:45+01:00,"48.83495885166784, 2.2416803240776066",Boulogne-Billancourt,
31102,Boissière - Etienne Dolet,OUI,21,15,5,2,3,OUI,OUI,2024-01-26T18:35:34+01:00,"48.876111, 2.4677312",Montreuil,
10042,Enghien - Faubourg Poissonnière,OUI,33,14,13,11,2,OUI,OUI,2024-01-26T18:41:35+01:00,"48.872420063053, 2.3483952362828",Paris,
2111,Chabanais - Petits Champs,OUI,30,21,5,2,3,OUI,OUI,2024-01-26T18:41:07+01:00,"48.86703740186721, 2.336716018617153",Paris,
17203,Place de la Porte de Champeret,OUI,28,25,3,3,0,OUI,OUI,2024-01-26T18:40:26+01:00,"48.886062068226, 2.2917001576821",Paris,
8054,Bertie Albrecht - Hoche,OUI,32,24,5,2,3,OUI,OUI,2024-01-26T18:43:40+01:00,"48.87614039826388, 2.301303138307601",Paris,
14124,David Weill - Parc Montsouris,OUI,22,18,4,0,4,OUI,OUI,2024-01-26T18:44:52+01:00,"48.821092374256104, 2.333725690841675",Paris,
14012,Sibelle - Alésia,OUI,25,15,10,5,5,OUI,OUI,2024-01-26T18:40:25+01:00,"48.826701758539215, 2.3384983465075493",Paris,
15110,Place Robert Guillemard,OUI,24,14,7,4,3,OUI,OUI,2024-01-26T18:37:27+01:00,"48.836191728066666, 2.2811267160086417",Paris,
35010,Hoche - Jean Lolive,OUI,24,17,4,0,4,OUI,OUI,2024-01-26T18:44:05+01:00,"48.89110239200789, 2.402843534946442",Pantin,
21006,Marcelin Berthelot,OUI,27,16,10,9,1,OUI,OUI,2024-01-26T18:44:35+01:00,"48.8415473058801, 2.233161628246308",Boulogne-Billancourt,
15133,Saint Lambert - Blomet,OUI,27,10,15,9,6,OUI,OUI,2024-01-26T18:43:41+01:00,"48.83659148147257, 2.2930556908249855",Paris,
21015,Nationale - Place Jules Guesde,OUI,23,2,19,11,8,OUI,OUI,2024-01-26T18:42:56+01:00,"48.82753962462998, 2.2416052222251897",Boulogne-Billancourt,
44013,Edouard Tremblay - Julian Grimaux,OUI,30,27,3,1,2,OUI,OUI,2024-01-26T18:42:20+01:00,"48.781383825117, 2.3723508417606",Vitry-sur-Seine,
15034,Lakanal - Commerce,OUI,53,29,20,19,1,OUI,OUI,2024-01-26T18:44:30+01:00,"48.84442462786544, 2.294059172272682",Paris,
20131,Repos - Cimetière du Père Lachaise,OUI,33,32,1,0,1,OUI,OUI,2024-01-26T18:44:25+01:00,"48.859358523593, 2.3896131366845",Paris,
41404,Carnot - Pâquerettes,OUI,26,3,22,18,4,OUI,OUI,2024-01-26T18:44:19+01:00,"48.79592939432515, 2.4261841177940373",Alfortville,
31008,François Debergue - Croix de Chavaux,OUI,57,45,10,4,6,OUI,OUI,2024-01-26T18:43:03+01:00,"48.857421708072074, 2.437578141689301",Montreuil,
22203,Tertres - Fontaine,OUI,28,22,3,1,2,OUI,OUI,2024-01-26T18:36:59+01:00,"48.787553654715644, 2.306235730648041",Bagneux,
44003,Gabriel Péri - Danielle Casanova,OUI,20,13,7,5,2,OUI,OUI,2024-01-26T18:37:12+01:00,"48.790114, 2.4025777",Vitry-sur-Seine,
42021,Raspail - Manufacture des Oeillets,OUI,32,3,26,18,8,OUI,OUI,2024-01-26T18:43:47+01:00,"48.8094458, 2.3903009",Ivry-sur-Seine,
48010,Karl Marx,OUI,16,11,4,3,1,OUI,OUI,2024-01-26T18:35:46+01:00,"48.784527937293184, 2.3646667979455587",Villejuif,
11030,Oberkampf - République,OUI,24,13,9,5,4,OUI,OUI,2024-01-26T18:42:43+01:00,"48.86531608707, 2.37611478491",Paris,
41202,Gare Rer de Fontenay sous Bois,OUI,61,54,7,3,4,OUI,OUI,2024-01-26T18:43:49+01:00,"48.8436279, 2.4630465",Fontenay-sous-Bois,
5106,Cujas - Saint-Michel,OUI,19,11,6,2,4,OUI,OUI,2024-01-26T18:44:44+01:00,"48.848191348584, 2.341831654854",Paris,
1119,Cossonnerie - Sébastopol,OUI,24,2,21,16,5,OUI,OUI,2024-01-26T18:44:53+01:00,"48.86132665908402, 2.349419631063938",Paris,
25003,Henri Ste-Claire Déville - Paul Héroult,OUI,24,3,20,15,5,OUI,OUI,2024-01-26T18:42:39+01:00,"48.892663, 2.172411",Rueil-Malmaison,
31708,Noisy le Sec - Jean-Baptiste Clément,OUI,22,22,0,0,0,OUI,OUI,2024-01-26T18:38:27+01:00,"48.87451538963655, 2.415283620357514",Bagnolet,
31003,Paris - Emile Zola,OUI,30,23,5,0,5,OUI,OUI,2024-01-26T18:44:01+01:00,"48.854898095789295, 2.4186685681343083",Montreuil,
35020,Marcelle - Thalie,OUI,20,18,0,0,0,OUI,OUI,2024-01-26T18:37:04+01:00,"48.8835462, 2.4137883",Pantin,
21008,Victor Hugo - Galliéni,OUI,34,6,26,22,4,OUI,OUI,2024-01-26T18:44:52+01:00,"48.83802015441127, 2.2460845112800603",Boulogne-Billancourt,
20115,Louis Lumière - Porte de Bagnolet,OUI,20,17,1,0,1,OUI,OUI,2024-01-26T18:40:33+01:00,"48.86431136000005, 2.4105210229754443",Paris,
11039,Richard Lenoir - Jean-Pierre Timbaud,OUI,36,2,26,18,8,OUI,OUI,2024-01-26T18:44:45+01:00,"48.865804276686, 2.3693370749669",Paris,
22402,Jean Jaurès - Salvador Allende,OUI,43,33,8,3,5,OUI,OUI,2024-01-26T18:44:55+01:00,"48.821475594736775, 2.3026576638221745",Malakoff,
16008,Galilée - Kléber,OUI,32,31,1,0,1,OUI,OUI,2024-01-26T18:43:06+01:00,"48.86741186571367, 2.290781380114821",Paris,
9116,Victoire - Chaussée d'Antin,OUI,24,16,6,2,4,OUI,OUI,2024-01-26T18:44:21+01:00,"48.875065791004396, 2.3316738009452824",Paris,
13050,Quai Panhard et Levassor,OUI,57,30,23,21,2,OUI,OUI,2024-01-26T18:40:49+01:00,"48.82837482809675, 2.384273745805574",Paris,
17013,Legendre - Dulong,OUI,23,14,6,2,4,OUI,OUI,2024-01-26T18:44:40+01:00,"48.885325169402904, 2.316423766314984",Paris,
11026,Chemin Vert - Saint-Maur,OUI,45,31,8,5,3,OUI,OUI,2024-01-26T18:44:53+01:00,"48.86112461407359, 2.381299026310444",Paris,
17105,Place Madeleine Daniélou,OUI,42,36,3,0,3,OUI,OUI,2024-01-26T18:44:47+01:00,"48.883498, 2.282015",Paris,
32604,Square du Théâtre du Garde-Chasse,OUI,50,50,0,0,0,OUI,OUI,2024-01-26T18:42:42+01:00,"48.881287375060616, 2.420119643211365",Les Lilas,
5012,Estrapade - Ulm,OUI,16,14,1,0,1,NON,NON,2024-01-26T18:41:55+01:00,"48.84512772828, 2.3454568170362",Paris,
19024,Botzaris - Parc des Buttes Chaumont,OUI,20,19,0,0,0,OUI,OUI,2024-01-26T18:35:29+01:00,"48.877951, 2.381464",Paris,
16038,Molitor - Chardon-Lagache,OUI,34,27,5,1,4,OUI,OUI,2024-01-26T18:44:09+01:00,"48.84520880183234, 2.2656840831041336",Paris,
41601,Général De Gaulle - Alouette,OUI,26,17,5,2,3,OUI,OUI,2024-01-26T18:44:54+01:00,"48.839109, 2.4175664",Saint-Mandé,
16108,Sablons - Georges Mandel,OUI,38,34,2,0,2,OUI,OUI,2024-01-26T18:38:38+01:00,"48.863875, 2.28189",Paris,
15021,Joseph Liouville - Croix Nivert,OUI,64,49,14,10,4,OUI,OUI,2024-01-26T18:44:57+01:00,"48.844835471244416, 2.297508493065834",Paris,
16136,Théophile Gautier - François Millet,OUI,30,20,8,4,4,OUI,OUI,2024-01-26T18:44:06+01:00,"48.85034821320644, 2.273029983043671",Paris,
9010,Rochechouart lamartine,OUI,24,15,3,0,3,OUI,OUI,2024-01-26T18:44:51+01:00,"48.876719895109, 2.344393021854",Paris,
19022,Marché Secrétan,OUI,26,10,13,4,9,OUI,OUI,2024-01-26T18:39:43+01:00,"48.88125496379482, 2.373463287949562",Paris,
18009,Jean-François Lépine - Stephenson,OUI,22,17,5,1,4,OUI,OUI,2024-01-26T18:43:45+01:00,"48.88611466796807, 2.356855627529275",Paris,
21701,Larmeroux - Baudelaire,OUI,29,21,8,2,6,OUI,OUI,2024-01-26T18:44:06+01:00,"48.816939911292, 2.2809894804846",Vanves,
11105,Parmentier - République,OUI,50,26,19,10,9,OUI,OUI,2024-01-26T18:44:44+01:00,"48.8644954, 2.3750124",Paris,
15103,Cauchy - Cévennes,OUI,51,4,43,42,1,OUI,OUI,2024-01-26T18:44:12+01:00,"48.8433725710224, 2.275132834911347",Paris,
14110,Abbé Carton - Plantes,OUI,25,24,1,1,0,OUI,OUI,2024-01-26T18:40:14+01:00,"48.827673823165846, 2.320918142795563",Paris,
20134,Lieutenant Chauré - Etienne Marey,OUI,20,19,1,0,1,OUI,OUI,2024-01-26T18:40:53+01:00,"48.86746195408435, 2.405970990657807",Paris,
17125,Marie-Georges Picquart - Pereire,OUI,32,21,7,3,4,OUI,OUI,2024-01-26T18:42:52+01:00,"48.88863669349711, 2.3111706599593163",Paris,
24001,Arche - Léonard de Vinci,OUI,28,18,7,3,4,OUI,OUI,2024-01-26T18:44:43+01:00,"48.89790972494496, 2.2383723043644914",Courbevoie,
43005,Gare RER de Vincennes,OUI,51,43,7,1,6,OUI,OUI,2024-01-26T18:44:56+01:00,"48.847563015126106, 2.433383166790009",Vincennes,
14136,Auguste Cain - Jean Moulin,OUI,40,33,4,3,1,OUI,OUI,2024-01-26T18:44:41+01:00,"48.82577028927573, 2.3210415244102482",Paris,
19032,Villette - Belleville,OUI,48,22,20,5,15,OUI,OUI,2024-01-26T18:44:41+01:00,"48.8726877314, 2.376461327076",Paris,
10014,Marseille - Beaurepaire,OUI,55,4,43,32,11,OUI,OUI,2024-01-26T18:44:12+01:00,"48.871624306962985, 2.3639265082738348",Paris,
22003,Beffroy,OUI,26,19,6,1,5,OUI,OUI,2024-01-26T18:43:20+01:00,"48.886591074488, 2.2613945603371",Neuilly-sur-Seine,
13002,Arago - Glacière,OUI,27,22,4,0,4,OUI,OUI,2024-01-26T18:43:26+01:00,"48.83486054775774, 2.3445770524322067",Paris,
11024,Mairie du 11ème,OUI,51,22,23,19,4,OUI,OUI,2024-01-26T18:44:51+01:00,"48.858925, 2.3789759",Paris,
15046,Parc Georges Brassens - Brancion,OUI,29,24,5,0,5,OUI,OUI,2024-01-26T18:43:42+01:00,"48.83227829269761, 2.3022570088505745",Paris,
22016,Charles de Gaulle - Sablonville,OUI,26,21,5,2,3,OUI,OUI,2024-01-26T18:38:06+01:00,"48.87991924860035, 2.2763770446181297",Neuilly-sur-Seine,
21301,Saint-Vincent - Verdun,OUI,34,11,21,15,6,OUI,OUI,2024-01-26T18:44:38+01:00,"48.819211549234495, 2.254007756710053",Issy-les-Moulineaux,
32302,Chemin Vert - Fraternité,OUI,20,17,2,0,2,OUI,OUI,2024-01-26T18:44:03+01:00,"48.877141208359035, 2.4461565166711807",Romainville,
42302,Aristide Briand - Gare de Bagneux,OUI,22,11,8,0,8,OUI,OUI,2024-01-26T18:44:52+01:00,"48.79387269664978, 2.321148812770844",Cachan,
11035,Parmentier - Abel Rabaud,OUI,52,45,6,4,2,OUI,OUI,2024-01-26T18:43:58+01:00,"48.86921273836114, 2.371688821240712",Paris,
9032,Mathurins - Auber,OUI,36,19,15,9,6,OUI,OUI,2024-01-26T18:44:48+01:00,"48.872988840744, 2.3294984212276",Paris,
42010,Mairie d'Ivry-sur-Seine,OUI,53,2,49,47,2,OUI,OUI,2024-01-26T18:44:35+01:00,"48.81057120969284, 2.3842826485633855",Ivry-sur-Seine,
19016,Hautpoul - Jean Jaurès,OUI,32,21,10,3,7,OUI,OUI,2024-01-26T18:43:28+01:00,"48.886393679436, 2.3865414544355",Paris,
46001,Place Paul Eluard,OUI,19,2,17,7,10,OUI,OUI,2024-01-26T18:44:39+01:00,"48.7672039733195, 2.4144977331161503",Choisy-le-Roi,
9005,Square d'Anvers,OUI,33,26,5,0,5,OUI,OUI,2024-01-26T18:43:13+01:00,"48.882633484311, 2.3448844062122",Paris,
16040,Exelmans - Michel-Ange,OUI,33,30,1,1,0,OUI,OUI,2024-01-26T18:41:09+01:00,"48.84309486651855, 2.2597770800669053",Paris,
7102,Mairie du 7ème,OUI,27,23,3,2,1,OUI,OUI,2024-01-26T18:43:20+01:00,"48.8577967, 2.3192664",Paris,
22006,Pierret - Madrid,OUI,28,15,9,5,4,OUI,OUI,2024-01-26T18:43:52+01:00,"48.882976576876565, 2.260125767248034",Neuilly-sur-Seine,
5123,Saint-Germain - Thenard,OUI,31,8,20,16,4,OUI,OUI,2024-01-26T18:43:34+01:00,"48.850571, 2.3471015",Paris,
17028,Reims - Raymond Pitet,OUI,37,23,10,1,9,OUI,OUI,2024-01-26T18:39:22+01:00,"48.8888, 2.296319",Paris,
1002,Victoria - Place du Chatelet,OUI,22,9,10,2,8,OUI,OUI,2024-01-26T18:44:11+01:00,"48.857992591527, 2.3469167947769",Paris,
19029,Seine - Flandre,OUI,19,14,4,2,2,OUI,OUI,2024-01-26T18:38:25+01:00,"48.886785741479684, 2.3746193200349808",Paris,
42504,Gare RER de Gentilly,OUI,30,27,3,1,2,OUI,OUI,2024-01-26T18:41:57+01:00,"48.814280450380224, 2.3410347104072575",Gentilly,
32003,Wilson - Métallurgie,OUI,28,14,6,1,5,OUI,OUI,2024-01-26T18:43:55+01:00,"48.909423010092326, 2.3584435880184174",Saint-Denis,
26013,Quai du docteur Dervaux,OUI,26,5,20,19,1,OUI,OUI,2024-01-26T18:42:26+01:00,"48.910482, 2.297998",Asnières-sur-Seine,
21104,Madame de Sanzillon - Mozart,OUI,22,5,15,12,3,OUI,OUI,2024-01-26T18:44:15+01:00,"48.90379820774301, 2.3187401890754704",Clichy,
20111,Villiers de l'Isle Adam - Pyrénées,OUI,20,20,0,0,0,OUI,OUI,2024-01-26T18:44:20+01:00,"48.867362, 2.396222",Paris,
11042,Grand Prieuré - Crussol,OUI,49,19,27,18,9,OUI,OUI,2024-01-26T18:44:33+01:00,"48.864660627935, 2.3692265531829",Paris,
32016,Place de la Porte de Paris,OUI,40,24,9,2,7,OUI,OUI,2024-01-26T18:37:48+01:00,"48.93009363207303, 2.3564037680625916",Saint-Denis,
8025,Miromesnil - La Boétie,OUI,35,35,0,0,0,NON,NON,2024-01-26T18:35:24+01:00,"48.873722412917, 2.3158480972052",Paris,
15201,Place Amédée Gordini - Lefebvre,OUI,38,33,3,0,3,OUI,OUI,2024-01-26T18:42:31+01:00,"48.83061737745, 2.2920634208276",Paris,
1013,Place du Palais Royal,OUI,67,67,0,0,0,NON,NON,2024-01-26T18:43:37+01:00,"48.862382970647, 2.3384822532535",Paris,
19008,Flandre - Alphonse Karr,OUI,26,15,9,5,4,OUI,OUI,2024-01-26T18:44:18+01:00,"48.89465, 2.381868",Paris,
20121,Boyer - Ménilmontant,OUI,19,0,0,0,0,NON,NON,2018-05-21T07:59:45+02:00,"48.868895162679, 2.3919824145635",Paris,
92008,Hôtel de Ville de Nanterre,OUI,38,24,13,6,7,OUI,OUI,2024-01-26T18:44:55+01:00,"48.892371898250424, 2.205548956990242",Nanterre,
19013,Laumière - Petit,OUI,34,27,6,0,6,OUI,OUI,2024-01-26T18:44:49+01:00,"48.88467368538326, 2.380039058625698",Paris,
41402,Victor Hugo - Ecoles,OUI,25,3,22,16,6,OUI,OUI,2024-01-26T18:42:25+01:00,"48.80476007936134, 2.4180373930262093",Alfortville,
42301,Gare Arcueil - Cachan,OUI,26,19,4,1,3,OUI,OUI,2024-01-26T18:42:40+01:00,"48.799824, 2.328171",Arcueil,
11036,Jules Ferry - Faubourg du Temple Paris,OUI,58,25,29,15,14,OUI,OUI,2024-01-26T18:44:51+01:00,"48.868397, 2.3678933",Paris,
42015,Place Jean Ferrat,OUI,25,18,5,3,2,OUI,OUI,2024-01-26T18:44:20+01:00,"48.8184945213025, 2.3744174838066106",Ivry-sur-Seine,
18201,Tristan Tzara -  Tchaïkovski,OUI,33,22,9,3,6,OUI,OUI,2024-01-26T18:44:04+01:00,"48.89490221746837, 2.3648490384221077",Paris,
31010,Stalingrad - Désiré Chevalier,OUI,42,36,5,2,3,OUI,OUI,2024-01-26T18:42:52+01:00,"48.85670169739857, 2.445072233676911",Montreuil,
1020,Cambon - Rivoli,OUI,40,8,26,15,11,OUI,OUI,2024-01-25T21:34:49+01:00,"48.866143390992, 2.3251800647137",Paris,
11004,Charonne - Faubourg Saint-Antoine,OUI,34,3,29,21,8,OUI,OUI,2024-01-26T18:44:34+01:00,"48.852191909696, 2.3740932717919",Paris,
8013,Marignan - Champs-Elysées,OUI,35,29,5,1,4,OUI,OUI,2024-01-26T18:44:51+01:00,"48.869495661232, 2.3066138139003",Paris,
43003,Hôpital Bégin,OUI,26,24,2,0,2,OUI,OUI,2024-01-26T18:44:45+01:00,"48.84571672113014, 2.4272462725639348",Vincennes,
23009,Anatole France - Louise Michel,OUI,50,39,9,7,2,OUI,OUI,2024-01-26T18:43:23+01:00,"48.88873214926474, 2.2881576418876652",Levallois-Perret,
7005,Raspail - Bac,OUI,52,41,8,5,3,OUI,OUI,2024-01-26T18:44:40+01:00,"48.855628721101, 2.3256602883339",Paris,
42029,Stalingrad - Germaine Tailleferre,OUI,28,23,5,1,4,OUI,OUI,2024-01-26T18:40:13+01:00,"48.80257200481316, 2.3786691203713417",Ivry-sur-Seine,
18012,Stephenson - Doudeauville,OUI,36,29,6,2,4,OUI,OUI,2024-01-26T18:40:42+01:00,"48.888537048944826, 2.3561610281467438",Paris,
8035,Bienfaisance - Place de Narvik,OUI,36,32,3,0,3,OUI,OUI,2024-01-26T18:42:32+01:00,"48.87660163459077, 2.3129771277308464",Paris,
12009,Charenton - Diderot,OUI,18,3,14,12,2,OUI,OUI,2024-01-26T18:43:58+01:00,"48.846171461187, 2.3793068155646",Paris,
26007,Square Gilbert Thomain,OUI,20,10,8,2,6,OUI,OUI,2024-01-26T18:43:12+01:00,"48.90717373809284, 2.2695400938391685",Asnières-sur-Seine,
19125,Place de l'Édit de Nantes,OUI,30,24,4,1,3,OUI,OUI,2024-01-26T18:44:03+01:00,"48.88879, 2.3785",Paris,
6013,Jacques Callot - Mazarine,OUI,28,0,26,23,3,OUI,OUI,2024-01-26T18:43:36+01:00,"48.85528017533187, 2.337574325501919",Paris,
14036,Boulard - Daguerre,OUI,45,38,6,3,3,OUI,OUI,2024-01-26T18:41:00+01:00,"48.83446472680611, 2.3293386027216907",Paris,
16111,Faustin Hélie - Desbordes-Valmore,OUI,33,27,0,0,0,OUI,OUI,2024-01-26T18:38:10+01:00,"48.859403, 2.276522",Paris,
9021,Saint Georges - d'Aumale,OUI,23,10,12,10,2,OUI,OUI,2024-01-26T18:43:56+01:00,"48.87778639599673, 2.337429821491241",Paris,
7015,Varenne,OUI,47,36,8,5,3,OUI,OUI,2024-01-26T18:43:25+01:00,"48.857202661803, 2.3152771219611",Paris,
12027,Montgallet - Charenton,OUI,16,5,9,2,7,OUI,OUI,2024-01-26T18:43:50+01:00,"48.842647778701, 2.3861649278137",Paris,
35018,Ancien Canal - Hélène Brion,OUI,23,17,5,3,2,OUI,OUI,2024-01-26T18:36:03+01:00,"48.89484799296163, 2.4188338592648506",Pantin,
32303,Gaston Roussel - Commune de Paris,OUI,30,19,11,1,10,OUI,OUI,2024-01-26T18:44:25+01:00,"48.89432034553156, 2.432552274419542",Romainville,
19005,Flandre - Riquet,OUI,21,14,6,4,2,OUI,OUI,2024-01-26T18:44:16+01:00,"48.888013281448, 2.3737595955229",Paris,
12115,Porte de Vincennes,OUI,33,27,5,1,4,OUI,OUI,2024-01-26T18:44:25+01:00,"48.846454, 2.415514",Paris,
10113,Parmentier - Hôpital Saint-Louis,OUI,43,35,6,3,3,OUI,OUI,2024-01-26T18:42:32+01:00,"48.871379874257, 2.3698963836667",Paris,
21313,Guynemer - Séverine,OUI,26,10,15,11,4,OUI,OUI,2024-01-26T18:44:37+01:00,"48.83091743371036, 2.2790706530213356",Issy-les-Moulineaux,
41606,Pasteur - Gambetta,OUI,19,14,5,0,5,OUI,OUI,2024-01-26T18:44:56+01:00,"48.84572797384512, 2.4236011505126953",Saint-Mandé,
17102,Alfred Roll - Berthier,OUI,28,10,17,9,8,OUI,OUI,2024-01-26T18:44:28+01:00,"48.887808570529, 2.3000952981763",Paris,
17011,Fragonard - Porte de Clichy,OUI,56,4,48,37,11,OUI,OUI,2024-01-26T18:44:30+01:00,"48.894155633419, 2.3143893107772",Paris,
28001,Richard Wallace - Place du 8 Mai 1945,OUI,30,24,6,5,1,OUI,OUI,2024-01-26T18:44:50+01:00,"48.87866794788021, 2.2420343756675725",Puteaux,
17045,Place des Ternes.,OUI,46,34,9,3,6,OUI,OUI,2024-01-26T18:44:50+01:00,"48.878438631226516, 2.297727763652802",Paris,
11007,Jean Macé - Faidherbe,OUI,63,12,46,35,11,OUI,OUI,2024-01-26T18:44:46+01:00,"48.85337548426, 2.3828620836139",Paris,
12013,Montgallet - Reuilly,OUI,16,5,11,8,3,OUI,OUI,2024-01-26T18:44:31+01:00,"48.844291, 2.3896481",Paris,
9101,Cadet - La Fayette,OUI,19,18,1,0,1,NON,NON,2017-12-07T12:18:58+01:00,"48.875601632672, 2.3435704037547",Paris,
14021,Place de la Porte de Châtillon,OUI,59,48,8,3,5,OUI,OUI,2024-01-26T18:44:30+01:00,"48.8242469, 2.3186306",Paris,
15025,Dupleix - du Guesclin,OUI,47,38,9,7,2,OUI,OUI,2024-01-26T18:44:34+01:00,"48.85147910413369, 2.296709530055523",Paris,
5021,Jussieu - Fossés Saint-Bernard,OUI,39,16,14,1,13,OUI,OUI,2024-01-26T18:44:52+01:00,"48.84718551002347, 2.3534858599305153",Paris,
18110,Departement - Pajol,OUI,19,15,2,1,1,OUI,OUI,2024-01-26T18:42:57+01:00,"48.886674849730184, 2.3613611608743668",Paris,
8033,Commandant Rivière,OUI,27,22,4,4,0,OUI,OUI,2024-01-26T18:40:14+01:00,"48.872933, 2.309796",Paris,
43402,Place de Verdun,OUI,40,9,29,27,2,OUI,OUI,2024-01-26T18:44:39+01:00,"48.8202823, 2.473775",Joinville-le-Pont,
16121,Jardin d'Acclimatation,OUI,33,27,4,1,3,OUI,OUI,2024-01-26T18:44:19+01:00,"48.878772242510465, 2.270772233605385",Paris,
33018,Edouard Poisson - Victor Hugo,OUI,30,15,10,0,10,OUI,OUI,2024-01-26T18:40:43+01:00,"48.91118557052621, 2.379864752692811",Aubervilliers,
15010,Square Cambronne,OUI,59,36,22,13,9,OUI,OUI,2024-01-26T18:41:55+01:00,"48.84756654526, 2.3025691509247",Paris,
21305,Place Jacques Madaule,OUI,25,6,15,10,5,OUI,OUI,2024-01-26T18:44:54+01:00,"48.823933787309, 2.2606918215752",Issy-les-Moulineaux,
33009,Félix Faure - Sadi Carnot,OUI,33,18,13,6,7,OUI,OUI,2024-01-26T18:44:15+01:00,"48.90812110228388, 2.378623187541962",Aubervilliers,
11115,Montreuil - Gonnet,OUI,24,4,19,13,6,OUI,OUI,2024-01-26T18:44:44+01:00,"48.850500564921, 2.3890856287864",Paris,
14117,Gare Montparnasse - René Mouchotte,OUI,39,21,17,9,8,OUI,OUI,2024-01-26T18:44:49+01:00,"48.83920384329242, 2.320883944630623",Paris,
23001,Paul Vaillant Couturier - Chaptal,OUI,39,28,7,0,7,OUI,OUI,2024-01-26T18:44:56+01:00,"48.893479576183, 2.2775253653526",Levallois-Perret,
25005,18 juin 1940 - Buzenval,OUI,25,20,2,0,2,OUI,OUI,2024-01-26T18:40:00+01:00,"48.868807, 2.185428",Rueil-Malmaison,
41102,Gare de Laplace,OUI,43,38,4,1,3,OUI,OUI,2024-01-26T18:40:20+01:00,"48.80893199114179, 2.3349460959434514",Arcueil,
14034,Ouest - Château,OUI,23,14,8,1,7,OUI,OUI,2024-01-26T18:44:49+01:00,"48.83617286014242, 2.319392143923804",Paris,
17037,Bayen - Pereire,OUI,22,13,8,2,6,OUI,OUI,2024-01-26T18:44:57+01:00,"48.881804409079656, 2.2921088710427284",Paris,
32010,Place aux Étoiles,OUI,40,20,17,16,1,OUI,OUI,2024-01-26T18:43:25+01:00,"48.91835629408464, 2.3523425683379173",Saint-Denis,
18141,Clignancourt - Sofia,OUI,19,12,6,1,5,OUI,OUI,2024-01-26T18:42:40+01:00,"48.88511992309783, 2.34719488842051",Paris,
16018,Flandrin - Henri Martin,OUI,18,17,1,0,1,OUI,OUI,2024-01-26T18:42:58+01:00,"48.8643275, 2.2724174",Paris,
19004,Quai de la Loire - Jean Jaurès,OUI,16,4,8,2,6,OUI,OUI,2024-01-26T18:43:44+01:00,"48.88339733854529, 2.371074522980134",Paris,
15033,Place Violet,OUI,30,23,6,4,2,OUI,OUI,2024-01-26T18:42:37+01:00,"48.84487893836502, 2.2905756533145905",Paris,
16124,Route de Sèvres - Porte de Bagatelle,OUI,66,5,60,54,6,OUI,OUI,2024-01-26T18:43:22+01:00,"48.87525984132485, 2.249415814876557",Paris,
19044,Grands Moulins de Pantin,OUI,50,41,7,5,2,OUI,OUI,2024-01-26T18:36:35+01:00,"48.89738369720229, 2.3959985375404362",Paris,
33003,Bordier - Félix Faure,OUI,48,41,5,0,5,OUI,OUI,2024-01-26T18:41:03+01:00,"48.90390751882016, 2.3830059170722966",Aubervilliers,
12201,Dugommier,OUI,53,14,36,27,9,OUI,OUI,2024-01-26T18:44:53+01:00,"48.838811048815, 2.3896577954292",Paris,
7009,Assemblée Nationale,OUI,63,51,5,2,3,OUI,OUI,2024-01-26T18:42:52+01:00,"48.861411014652, 2.3201214185208",Paris,
33001,Victor Hugo - Magasins Généraux,OUI,34,24,7,4,3,OUI,OUI,2024-01-26T18:36:46+01:00,"48.903281401126755, 2.368072383105755",Aubervilliers,
22505,Mairie de La Garenne Colombes,OUI,22,9,10,3,7,OUI,OUI,2024-01-26T18:42:51+01:00,"48.90663823468682, 2.24679596722126",La Garenne-Colombes,
20119,Square des Saint-Simoniens,OUI,25,25,0,0,0,OUI,OUI,2024-01-26T18:37:23+01:00,"48.8701796, 2.3967273",Paris,
13045,Jean Colly - Tolbiac,OUI,36,24,9,6,3,OUI,OUI,2024-01-26T18:43:44+01:00,"48.827817291597846, 2.3705490678548813",Paris,
42707,Place Jean-Baptiste Clément,OUI,25,18,6,1,5,OUI,OUI,2024-01-26T18:43:52+01:00,"48.81240466867336, 2.3617091774940495",Le Kremlin-Bicêtre,
19115,Porte de la Villette,OUI,27,6,17,3,14,OUI,OUI,2024-01-26T18:42:47+01:00,"48.89835196548483, 2.386150136590004",Paris,
20036,Ménilmontant - Pelleport,OUI,19,19,0,0,0,OUI,OUI,2024-01-26T18:44:38+01:00,"48.87068263384462, 2.398959602331646",Paris,
12034,Pirogues de Bercy - Libourne,OUI,49,12,33,29,4,OUI,OUI,2024-01-26T18:43:58+01:00,"48.832308, 2.38637",Paris,
35009,Jean Lolive - Parc Stalingrad,OUI,22,12,9,2,7,OUI,OUI,2024-01-26T18:44:37+01:00,"48.89206174403158, 2.4091735482215886",Pantin,
20043,Charonne - Avron,OUI,27,25,1,0,1,OUI,OUI,2024-01-26T18:42:42+01:00,"48.851602665222, 2.3984030470379",Paris,
8055,Courcelles - Place des Ternes,OUI,31,26,1,0,1,OUI,OUI,2024-01-26T18:44:52+01:00,"48.878199928923124, 2.2992860188665043",Paris,
25008,Place du 8 Mai 1945,OUI,18,17,1,0,1,OUI,OUI,2024-01-26T18:36:52+01:00,"48.871552174017, 2.2025031970585",Rueil-Malmaison,
27002,Parc Pierre Lagravère,OUI,30,2,22,22,0,OUI,OUI,2024-01-26T18:44:37+01:00,"48.92650488131725, 2.239069678491417",Colombes,
24002,Gare de Courbevoie,OUI,35,23,9,3,6,OUI,OUI,2024-01-26T18:44:06+01:00,"48.8993867, 2.2506506",Courbevoie,
21109,Guichet - Jean Jaurès,OUI,28,8,18,14,4,OUI,OUI,2024-01-26T18:44:45+01:00,"48.905169868129036, 2.3023840785026555",Clichy,
16034,Porte d'Auteuil,OUI,33,32,1,0,1,OUI,OUI,2024-01-26T18:44:21+01:00,"48.8479394142243, 2.2608396783471107",Paris,
21502,Verdun - Place Henri IV,OUI,26,8,17,10,7,OUI,OUI,2024-01-26T18:44:24+01:00,"48.870797375639214, 2.2277003154158592",Suresnes,
20132,Réunion - Avron,OUI,26,21,4,2,2,OUI,OUI,2024-01-26T18:43:23+01:00,"48.852566752033766, 2.403928068708116",Paris,
31012,Place Carnot,OUI,25,20,4,2,2,OUI,OUI,2024-01-26T18:41:22+01:00,"48.85593932186797, 2.441531717777252",Montreuil,
5114,Claude Bernard - Arbalète,OUI,17,5,7,1,6,OUI,OUI,2024-01-26T18:44:44+01:00,"48.83976676978202, 2.347510904073715",Paris,
12126,Gravelle - Route du Bac,OUI,51,25,17,11,6,OUI,OUI,2024-01-26T18:44:33+01:00,"48.824407, 2.418455",Paris,
11031_relais,Jacquard - Ternaux,OUI,0,0,0,0,0,NON,NON,2023-12-06T10:59:55+01:00,"48.8643671, 2.3730935",Paris,
12024,Gare de Bercy,OUI,35,2,30,25,5,OUI,OUI,2024-01-26T18:44:09+01:00,"48.839794573906, 2.3826066032052",Paris,
19019,Petit - Manin,OUI,22,13,8,1,7,OUI,OUI,2024-01-26T18:44:54+01:00,"48.88650687534334, 2.3938155401308374",Paris,
16129,Ceinture du Lac Inferieure - Saint-Cloud,OUI,42,41,1,0,1,OUI,OUI,2024-01-26T18:43:57+01:00,"48.86218070933143, 2.2617871686816216",Paris,
42207,Place des Marseillais,OUI,37,13,19,11,8,OUI,OUI,2024-01-26T18:43:40+01:00,"48.82663907252554, 2.4059280753135686",Charenton-le-Pont,
35019,Anatole France - Jean Lolive,OUI,28,17,8,1,7,OUI,OUI,2024-01-26T18:44:41+01:00,"48.8949922, 2.4253764",Pantin,
92003,Chanzy - Sud-Est,OUI,25,16,8,5,3,OUI,OUI,2024-01-26T18:44:09+01:00,"48.888912037698766, 2.195632159709931",Nanterre,
14104,Boyer-Barret - Raymond Losserand,OUI,23,19,4,1,3,OUI,OUI,2024-01-26T18:44:43+01:00,"48.83329880233322, 2.3173383995890617",Paris,
5119,Jussieu - Guy de la Brosse,OUI,40,30,8,6,2,OUI,OUI,2024-01-26T18:43:28+01:00,"48.845665, 2.355653",Paris,
20113,Piat - Parc de Belleville,OUI,21,21,0,0,0,OUI,OUI,2024-01-26T18:43:08+01:00,"48.87195626635528, 2.384981390278095",Paris,
31705,Champeaux - Gallieni,OUI,50,47,2,1,1,OUI,OUI,2024-01-26T18:42:55+01:00,"48.864459134684644, 2.4161778017878532",Bagnolet,
20120,Evariste Galois,OUI,0,0,0,0,0,NON,NON,2023-06-15T16:09:38+02:00,"48.873087537345, 2.4133380129933",Paris,
23701,Parvis Robert Schuman - Roger Salengro,OUI,24,23,0,0,0,OUI,OUI,2024-01-26T18:43:50+01:00,"48.812657470558754, 2.1921751275658607",Chaville,
41604,Lagny - Joffre,OUI,31,30,1,1,0,OUI,OUI,2024-01-26T18:42:10+01:00,"48.84930687084088, 2.417949736118317",Saint-Mandé,
17007,Navier - Epinettes,OUI,36,25,11,3,8,OUI,OUI,2024-01-26T18:44:10+01:00,"48.89587780769155, 2.3226776719093327",Paris,
15017,Place Falguière,OUI,23,18,4,3,1,OUI,OUI,2024-01-26T18:44:04+01:00,"48.83629973941847, 2.3104464635252953",Paris,
14001,Edgar Quinet - Gaité,OUI,27,14,13,9,4,OUI,OUI,2024-01-26T18:44:31+01:00,"48.84116092896631, 2.32459545135498",Paris,
92004,Nanterre - Université,OUI,20,14,5,1,4,OUI,OUI,2024-01-26T18:43:41+01:00,"48.901365, 2.212693",Nanterre,
8012,Batignolles - Place de Clichy,OUI,47,35,9,5,4,OUI,OUI,2024-01-26T18:43:15+01:00,"48.883474535757, 2.326493114233",Paris,
18020,Francoeur - Marcadet,OUI,20,16,1,0,1,OUI,OUI,2024-01-26T18:41:23+01:00,"48.89104123261663, 2.340014585442034",Paris,
15029,Emeriau - Place de Brazzaville,OUI,51,35,15,14,1,OUI,OUI,2024-01-26T18:44:27+01:00,"48.850785261674964, 2.2871585190296173",Paris,
15028,Grenelle - Dr Finlay,OUI,71,56,13,12,1,OUI,OUI,2024-01-26T18:44:53+01:00,"48.851315406715976, 2.2919502854347233",Paris,
17018,Parc Monceau,OUI,18,12,5,1,4,OUI,OUI,2024-01-26T18:43:00+01:00,"48.881077914129, 2.3095492646098",Paris,
14018,Porte d'Orléans,OUI,48,44,1,0,1,OUI,OUI,2024-01-26T18:40:55+01:00,"48.8227639, 2.3249313",Paris,
5116,Place Valhubert,OUI,37,0,35,32,3,OUI,OUI,2024-01-26T18:44:22+01:00,"48.844182577315, 2.3640366643667",Paris,
31702,Pierre et Marie Curie - Julien Grimau,OUI,18,18,0,0,0,OUI,OUI,2024-01-26T18:42:20+01:00,"48.870714014863225, 2.424097023904324",Bagnolet,
18005,Tardieu - Chappe,OUI,18,17,1,1,0,OUI,OUI,2024-01-26T18:44:53+01:00,"48.884146759782, 2.341845408082",Paris,
21013,Pierre Grenier - Pont de Billancourt,OUI,21,11,9,2,7,OUI,OUI,2024-01-26T18:38:12+01:00,"48.8258020742942, 2.2487989068031315",Boulogne-Billancourt,
10005,Petites Ecuries - Faubourg Poissonnière,OUI,17,3,8,4,4,OUI,OUI,2024-01-26T18:44:53+01:00,"48.87397217237368, 2.348388757504776",Paris,
21111,Professeur René Leriche - Général Leclerc,OUI,50,28,22,20,2,OUI,OUI,2024-01-26T18:42:10+01:00,"48.90782845483013, 2.307887971401215",Clichy,
20136,Henri Chevreau - Couronnes,OUI,27,22,4,1,3,OUI,OUI,2024-01-26T18:44:57+01:00,"48.87033205312931, 2.388777695596218",Paris,
7014,Saint-François-Xavier,OUI,42,38,2,1,1,OUI,OUI,2024-01-26T18:44:29+01:00,"48.85154484769, 2.3146149516106",Paris,
5026,Pascal - Claude Bernard,OUI,49,11,32,24,8,OUI,OUI,2024-01-26T18:44:05+01:00,"48.839061952159746, 2.3499782010912895",Paris,
17017,Gare de Pont-Cardinet,OUI,34,15,14,1,13,OUI,OUI,2024-01-26T18:42:11+01:00,"48.88713901475306, 2.314494143994255",Paris,
43006,Vignerons - Minimes,OUI,29,26,3,1,2,OUI,OUI,2024-01-26T18:44:19+01:00,"48.841486, 2.430793",Vincennes,
10023,Gare de l'Est - Verdun,OUI,14,4,6,1,5,OUI,OUI,2024-01-26T18:44:47+01:00,"48.876156054271, 2.3609149083206",Paris,
5002,Sommerard - Saint-Jacques,OUI,34,9,19,14,5,OUI,OUI,2024-01-26T18:43:05+01:00,"48.850310432924466, 2.345015835298588",Paris,
21105,Morice - Général Leclerc,OUI,25,7,13,9,4,OUI,OUI,2024-01-26T18:40:03+01:00,"48.90245471981591, 2.3128929734230046",Clichy,
8102,Lamennais - Washington,OUI,26,25,1,0,1,OUI,OUI,2024-01-26T18:39:58+01:00,"48.87352990026496, 2.303444892168045",Paris,
34002,Capitaine Glarner - Gabriel Péri,OUI,27,15,8,3,5,OUI,OUI,2024-01-26T18:44:24+01:00,"48.902449900418745, 2.3304807533425724",Saint-Ouen-sur-Seine,
42503,Vladimir Ilitch Lénine - Andrée Chedid,OUI,31,22,8,4,4,OUI,OUI,2024-01-26T18:44:16+01:00,"48.813240124373, 2.3319716067039",Gentilly,
14139,Pierre Larousse - Raymond Losserand,OUI,30,28,1,0,1,OUI,OUI,2024-01-26T18:41:27+01:00,"48.83059564231877, 2.3119183257222176",Paris,
7006,Quai Voltaire,OUI,32,3,20,10,10,OUI,OUI,2024-01-26T18:44:54+01:00,"48.858942986179, 2.3314182047146",Paris,
13102,Pitié-Salpêtrière,OUI,51,45,3,1,2,OUI,OUI,2024-01-26T18:43:53+01:00,"48.83748810318667, 2.365213818848133",Paris,
2010,Uzès - Montmartre,OUI,29,24,5,4,1,OUI,OUI,2024-01-26T18:44:22+01:00,"48.870790980240706, 2.3431010171771054",Paris,
11101,Charles Delescluze,OUI,49,30,17,13,4,OUI,OUI,2024-01-26T18:42:18+01:00,"48.85242200848887, 2.380632497370243",Paris,
11114,Ledru-Rollin - Charonne,OUI,32,2,27,23,4,OUI,OUI,2024-01-26T18:44:23+01:00,"48.85345855607243, 2.3772463581947094",Paris,
15055,Vasco de Gama,OUI,54,10,39,34,5,OUI,OUI,2024-01-26T18:44:20+01:00,"48.83671783466264, 2.283664085650799",Paris,
20040,Parc de Belleville - Julien Lacroix,OUI,26,22,2,1,1,OUI,OUI,2024-01-26T18:44:53+01:00,"48.8703459, 2.3842214",Paris,
14130,Jonquoy - Didot,OUI,30,26,4,0,4,OUI,OUI,2024-01-26T18:41:19+01:00,"48.82890454823947, 2.31648076325655",Paris,
13026,Place Jean Delay,OUI,35,27,4,1,3,OUI,OUI,2024-01-26T18:43:00+01:00,"48.823316, 2.354336",Paris,
10015,Lucien Sampaix - Récollets,OUI,46,35,10,5,5,OUI,OUI,2024-01-26T18:44:19+01:00,"48.874330377560476, 2.3621229082345963",Paris,
23002,Pont de Levallois-bécon,OUI,50,26,16,10,6,OUI,OUI,2024-01-26T18:44:44+01:00,"48.8984179, 2.2791311",Levallois-Perret,
41207,Place du Général de Gaulle,OUI,28,24,2,0,2,OUI,OUI,2024-01-26T18:41:37+01:00,"48.8525288, 2.4877332",Fontenay-sous-Bois,
12011,Charenton - Place du Col Bourgoin,OUI,35,0,34,26,8,OUI,OUI,2024-01-26T18:44:37+01:00,"48.844867319554, 2.3825789350545",Paris,
16006,Lauriston - Copernic,OUI,19,13,2,0,2,OUI,OUI,2024-01-26T18:40:03+01:00,"48.86926, 2.289918",Paris,
21019,Edouard Vaillant - Paul-Adolphe Souriau,OUI,28,14,13,12,1,OUI,OUI,2024-01-26T18:42:17+01:00,"48.83484585882868, 2.2479459643363957",Boulogne-Billancourt,
21308,Bara - Henri Farman,OUI,36,28,6,3,3,OUI,OUI,2024-01-26T18:44:28+01:00,"48.833218027457846, 2.2677567601203923",Issy-les-Moulineaux,
12032,Porte Dorée,OUI,36,16,16,6,10,OUI,OUI,2024-01-26T18:44:46+01:00,"48.8354337, 2.4077132",Paris,
6018,Michelet - Assas,OUI,18,14,2,0,2,OUI,OUI,2024-01-26T18:38:11+01:00,"48.84274150283194, 2.335021197795868",Paris,
19037,Belleville - Porte des Lilas,OUI,32,31,0,0,0,OUI,OUI,2024-01-26T18:40:29+01:00,"48.87660391892763, 2.404769691129476",Paris,
20109,Haxo - Surmelin,OUI,21,19,1,0,1,OUI,OUI,2024-01-26T18:40:11+01:00,"48.8694370761222, 2.40539657537972",Paris,
6107,Place Alphonse Deville,OUI,23,16,6,1,5,OUI,OUI,2024-01-26T18:40:03+01:00,"48.850188262662, 2.3275961726904",Paris,
6103,Mézières - Rennes,OUI,55,44,10,8,2,OUI,OUI,2024-01-26T18:44:05+01:00,"48.85023459321703, 2.3303819820284843",Paris,
15038,Place Adolphe Cherioux - Vaugirard,OUI,63,50,9,4,5,OUI,OUI,2024-01-26T18:44:35+01:00,"48.83959442800459, 2.3010657727718353",Paris,
17124,Porte de Saint-Ouen - Henri Huchard,OUI,26,17,3,0,3,OUI,OUI,2024-01-26T18:42:31+01:00,"48.898708366365064, 2.3295360803604126",Paris,
21032,Sèvres-Gallieni,OUI,27,12,14,9,5,OUI,OUI,2024-01-26T18:38:39+01:00,"48.837809408957, 2.2281519323587",Boulogne-Billancourt,
10165,Gare de l'Est - Place du 11 Novembre 1918,OUI,40,17,16,2,14,OUI,OUI,2024-01-25T22:07:18+01:00,"48.876327, 2.3585464",Paris,
20021,Indre - Prairies,OUI,38,36,2,0,2,OUI,OUI,2024-01-26T18:40:35+01:00,"48.86254398506782, 2.403290458023548",Paris,
31016,Lucie Aubrac - Franklin,OUI,36,29,7,1,6,OUI,OUI,2024-01-26T18:44:37+01:00,"48.86223916006812, 2.4435862898826604",Montreuil,
19109,Tanger - Place du Maroc,OUI,19,11,6,3,3,OUI,OUI,2024-01-26T18:44:46+01:00,"48.8862524447104, 2.3689296841621403",Paris,
13016,Primo Levi - Frigos,OUI,34,7,23,18,5,OUI,OUI,2024-01-26T18:44:57+01:00,"48.83094844846017, 2.37965351592796",Paris,
31019,Vincennes - Douy-Delcupe,OUI,38,26,8,2,6,OUI,OUI,2024-01-26T18:44:45+01:00,"48.85493692155721, 2.436049282550812",Montreuil,
13043,Dunois - Clisson,OUI,51,35,14,9,5,OUI,OUI,2024-01-26T18:42:22+01:00,"48.832294, 2.3674523",Paris,
32014,Place du Cornillon - Stade de France,OUI,34,20,12,6,6,OUI,OUI,2024-01-26T18:42:48+01:00,"48.92540695835961, 2.3644426837563515",Saint-Denis,
8051,Batignolles - Rome,OUI,15,8,4,2,2,OUI,OUI,2024-01-26T18:44:10+01:00,"48.881823370566806, 2.3202589899301524",Paris,
18032,Porte de Clignancourt.,OUI,56,46,7,3,4,OUI,OUI,2024-01-26T18:44:46+01:00,"48.897488, 2.343996",Paris,
44102,Verdun - Adrien Damalix,OUI,26,16,9,4,5,OUI,OUI,2024-01-26T18:39:20+01:00,"48.8222334178559, 2.4215328320860863",Saint-Maurice,
44012,Génie - Mozart,OUI,19,13,3,2,1,OUI,OUI,2024-01-26T18:44:25+01:00,"48.794902381218904, 2.3734183609485626",Vitry-sur-Seine,
16123,Mahatma Gandhi,OUI,26,13,10,4,6,OUI,OUI,2024-01-26T18:44:47+01:00,"48.876356, 2.264205",Paris,
17027,Place du Maréchal Juin - Péreire,OUI,46,34,11,9,2,OUI,OUI,2024-01-26T18:44:31+01:00,"48.885263, 2.298286",Paris,
16032,Eglise d'Auteuil,OUI,21,20,0,0,0,OUI,OUI,2024-01-26T18:43:56+01:00,"48.84749841771691, 2.26848387135299",Paris,
51003,Hôtel de Ville d'Argenteuil,OUI,30,25,4,1,3,OUI,OUI,2024-01-26T18:35:16+01:00,"48.946504, 2.2496396",Argenteuil,
21003,Jean Jaurès - Jean Baptiste Clément,OUI,24,10,12,4,8,OUI,OUI,2024-01-26T18:44:56+01:00,"48.84576261454011, 2.2369650006294255",Boulogne-Billancourt,
22101,Gare Routière de Saint Cloud,OUI,31,23,7,3,4,OUI,OUI,2024-01-26T18:43:24+01:00,"48.84288183896324, 2.222245037555695",Saint-Cloud,
22001,Château - Bineau,OUI,23,3,18,15,3,OUI,OUI,2024-01-26T18:43:17+01:00,"48.890404028589806, 2.270106375217438",Neuilly-sur-Seine,
14122,Colonel Monteil - Brune,OUI,19,18,1,0,1,OUI,OUI,2024-01-26T18:40:24+01:00,"48.82650293311, 2.3092747998272",Paris,
18025,Mairie du 18ème,OUI,40,24,9,5,4,OUI,OUI,2024-01-26T18:44:18+01:00,"48.892939296937605, 2.3445510864257812",Paris,
9115,Milton - Manuel,OUI,22,19,3,1,2,OUI,OUI,2024-01-26T18:44:37+01:00,"48.878249, 2.341181",Paris,
9023,Laffitte - Italiens,OUI,33,26,4,1,3,OUI,OUI,2024-01-26T18:44:53+01:00,"48.871815737396, 2.3372015478451",Paris,
19039,Edouard Pailleron - Simon Bolivar,OUI,24,20,3,0,3,OUI,OUI,2024-01-26T18:43:40+01:00,"48.87979886049996, 2.374839261174202",Paris,
15108,Lourmel - Marie Skobtsov,OUI,22,2,17,9,8,OUI,OUI,2024-01-26T18:44:45+01:00,"48.844974, 2.287283",Paris,
17122,Bridaine - Lamandé,OUI,29,22,7,3,4,OUI,OUI,2024-01-26T18:40:01+01:00,"48.8862074, 2.3206239",Paris,
19040,Belleville - Télégraphe,OUI,41,38,2,0,2,OUI,OUI,2024-01-26T18:43:28+01:00,"48.8756045, 2.3995549",Paris,
20027,Porte de Ménilmontant,OUI,15,14,0,0,0,OUI,OUI,2024-01-26T18:44:49+01:00,"48.8691543609174, 2.40932246879487",Paris,
26001,Gare d'Asnières sur Seine,OUI,24,2,14,4,10,OUI,OUI,2024-01-26T18:44:15+01:00,"48.90636459217474, 2.2835066914558415",Asnières-sur-Seine,
31007,Paris - Désiré Préaux,OUI,49,40,8,5,3,OUI,OUI,2024-01-26T18:44:33+01:00,"48.85742876694898, 2.4323049187660217",Montreuil,
6016,Danton - Serpente,OUI,22,5,17,7,10,OUI,OUI,2024-01-26T18:44:52+01:00,"48.852297362582, 2.3414132371545",Paris,
17047,Courcelles - Pierre Demours,OUI,26,12,12,10,2,OUI,OUI,2024-01-26T18:44:48+01:00,"48.883769733273496, 2.29858466343129",Paris,
41204,République - Danton,OUI,20,18,2,0,2,OUI,OUI,2024-01-26T18:42:41+01:00,"48.85249172181667, 2.462034523487091",Fontenay-sous-Bois,
17046,Mac-Mahon - Brey,OUI,25,17,7,2,5,OUI,OUI,2024-01-26T18:44:53+01:00,"48.877532084130166, 2.294512536052928",Paris,
17121,Square des Epinettes,OUI,20,12,8,2,6,OUI,OUI,2024-01-26T18:42:55+01:00,"48.89383909781389, 2.325953990221024",Paris,
10020,Chabrol - d'Hauteville,OUI,11,4,4,0,4,OUI,OUI,2024-01-26T18:44:50+01:00,"48.87701838803332, 2.3513179644942284",Paris,
47006,Les Planètes,OUI,16,12,4,3,1,OUI,OUI,2024-01-26T18:40:26+01:00,"48.8099849920804, 2.4580853059887886",Maisons-Alfort,
19009,Cité des Sciences et de l'Industrie,OUI,30,12,15,7,8,OUI,OUI,2024-01-26T18:42:42+01:00,"48.89659571178903, 2.384599149227142",Paris,
18113,Lepic - Armée d'Orient,OUI,24,17,5,2,3,OUI,OUI,2024-01-26T18:44:48+01:00,"48.88753640381415, 2.334307730197907",Paris,
18109,Pajol - Riquet,OUI,47,37,6,4,2,OUI,OUI,2024-01-26T18:44:44+01:00,"48.88960028134536, 2.3628534749150276",Paris,
19038,Lassus - Delouvain,OUI,20,19,1,0,1,OUI,OUI,2024-01-26T18:35:01+01:00,"48.8755044846, 2.3890327325519",Paris,
35017,Toffier Decaux - Cartier Bresson,OUI,18,13,5,2,3,OUI,OUI,2024-01-26T18:39:15+01:00,"48.90165072551549, 2.4017545580863957",Pantin,
18029,Emile Blemont - Poteau,OUI,39,31,6,3,3,OUI,OUI,2024-01-26T18:43:31+01:00,"48.8943782, 2.3415122",Paris,
16021,François Ponsard - La Muette,OUI,23,18,2,1,1,OUI,OUI,2024-01-26T18:44:13+01:00,"48.8583666, 2.2744515",Paris,
21703,Square du Carrefour de l'Insurrection,OUI,23,21,2,1,1,OUI,OUI,2024-01-26T18:42:15+01:00,"48.820864559770676, 2.291113436222077",Vanves,
9031,Provence - Chaussée d'Antin,OUI,25,14,9,5,4,OUI,OUI,2024-01-26T18:44:30+01:00,"48.87428447542072, 2.332976511564311",Paris,
20118,Orteaux - Mouraud,OUI,24,22,1,1,0,OUI,OUI,2024-01-26T18:38:41+01:00,"48.85558642847872, 2.408762907764669",Paris,
20023,Pelleport - Belgrand,OUI,15,12,3,1,2,OUI,OUI,2024-01-26T18:41:14+01:00,"48.86500081847653, 2.403980836377493",Paris,
9117,Bellefond - Maubeuge,OUI,31,20,9,7,2,OUI,OUI,2024-01-26T18:41:00+01:00,"48.878255397645, 2.3452642187476",Paris,
6030,Assas - Vaugirard,OUI,35,19,12,7,5,OUI,OUI,2024-01-26T18:43:24+01:00,"48.848274111398, 2.3292413726449",Paris,
15035,Place Etienne Pernet,OUI,43,11,32,27,5,OUI,OUI,2024-01-26T18:44:23+01:00,"48.84243457133779, 2.2921819612383847",Paris,
18049,Porte d'Aubervilliers,OUI,55,20,25,13,12,OUI,OUI,2024-01-26T18:43:02+01:00,"48.89859661942376, 2.3689722642302513",Paris,
15031,Théâtre - Lourmel,OUI,53,18,33,32,1,OUI,OUI,2024-01-26T18:43:50+01:00,"48.8482070397636, 2.2898658737540245",Paris,
11041,Square Saint-Ambroise,OUI,43,15,22,12,10,OUI,OUI,2024-01-26T18:44:20+01:00,"48.860934, 2.375841",Paris,
35014,Charles de Gaulle - Jean Lolive,OUI,26,19,5,2,3,OUI,OUI,2024-01-26T18:41:50+01:00,"48.8932644350857, 2.4126765131950383",Pantin,
31703,Sadi Carnot - François Mitterrand,OUI,27,23,4,2,2,OUI,OUI,2024-01-26T18:44:37+01:00,"48.87532687671517, 2.4241617321968083",Bagnolet,
11006,Ledru-Rollin - Place du Père Chaillet,OUI,37,2,30,21,9,OUI,OUI,2024-01-26T18:44:29+01:00,"48.856433706943704, 2.379020587761426",Paris,
35003,Gabrielle Josserand - Edouard Vaillant,OUI,25,11,11,6,5,OUI,OUI,2024-01-26T18:43:50+01:00,"48.90271566255436, 2.3933270573616032",Pantin,
47005,Ecole Vétérinaire,OUI,36,1,34,28,6,OUI,OUI,2024-01-26T18:44:37+01:00,"48.81488859822486, 2.4224362157778994",Maisons-Alfort,
21014,Hameau Fleuri - Marché,OUI,22,9,11,10,1,OUI,OUI,2024-01-26T18:42:29+01:00,"48.831448892608314, 2.2412404417991643",Boulogne-Billancourt,
1120,Lavandieres Sainte Opportune - Rivoli,OUI,27,16,11,5,6,OUI,OUI,2024-01-26T18:44:28+01:00,"48.859279702476, 2.3466217517853",Paris,
19127,Aubervilliers - Curial,OUI,23,19,3,0,3,OUI,OUI,2024-01-26T18:44:55+01:00,"48.89088305227546, 2.3688579350709915",Paris,
14112,Méchain - Faubourg Saint-Jacques,OUI,16,13,3,2,1,OUI,OUI,2024-01-26T18:43:15+01:00,"48.83586772099485, 2.33798034198275",Paris,
16015,Bassano -  Iéna,OUI,15,13,2,0,2,OUI,OUI,2024-01-26T18:41:11+01:00,"48.868144510482075, 2.296149600985935",Paris,
21001,Transvaal - Charles de Gaulle,OUI,27,15,10,5,5,OUI,OUI,2024-01-26T18:43:27+01:00,"48.848280403628806, 2.2373420120857195",Boulogne-Billancourt,
15070,Balard - Montagne de la Fage,OUI,36,10,25,22,3,OUI,OUI,2024-01-26T18:41:10+01:00,"48.83850740333351, 2.2782871127128606",Paris,
16122,Route de la Muette - Porte de Neuilly,OUI,50,24,23,19,4,OUI,OUI,2024-01-26T18:42:20+01:00,"48.8798926, 2.2587671",Paris,
47004,Stade Auguste Delaune,OUI,21,3,16,8,8,OUI,OUI,2024-01-26T18:44:12+01:00,"48.80896378683884, 2.4345204234123234",Maisons-Alfort,
15002,Maine - Antoine Bourdelle,OUI,17,0,17,13,4,OUI,OUI,2024-01-26T18:40:51+01:00,"48.84308531746595, 2.320263946784738",Paris,
9026,Jean-Baptiste Pigalle - La Bruyere,OUI,17,3,12,5,7,OUI,OUI,2024-01-26T18:44:49+01:00,"48.87939826447722, 2.333709173337285",Paris,
20016,Pyrénées - Maraîchers,OUI,19,18,1,0,1,OUI,OUI,2024-01-26T18:44:12+01:00,"48.85714001395299, 2.4043509364128113",Paris,
18033,Belliard - Damrémont,OUI,34,27,4,2,2,OUI,OUI,2024-01-26T18:44:51+01:00,"48.89669238777841, 2.338023450388167",Paris,
